{
  "sprite": {
    "Classic UI SFX - Chords #2": [
      0,
      4005.215419501134
    ],
    "Classic UI SFX - Short - Low #2": [
      6000,
      2583.333333333334
    ],
    "Classic UI SFX - Short - Low #5": [
      10000,
      3161.473922902495
    ],
    "Classic UI SFX - Short - High #9": [
      15000,
      2250
    ],
    "UI_TwoNote Up_Set 11_01": [
      21000,
      129.16099773242706
    ],
    "UI_TwoNote Up_Set 11_02": [
      23000,
      250
    ],
    "Classic UI SFX - Short - High #3": [
      25000,
      2864.6031746031754
    ],
    "Classic UI SFX - Short - High #19": [
      29000,
      3052.0861678004535
    ],
    "Classic UI SFX - Short - High #22": [
      34000,
      2489.5918367346967
    ],
    "Classic UI SFX - Chords #16": [
      38000,
      4005.215419501134
    ],
    "Classic UI SFX - Short - High #8": [
      44000,
      2916.6666666666642
    ],
    "UI_Single_Set 16_03": [
      48000,
      309.5918367346968
    ],
    "UI_Single_Set 16_01": [
      50000,
      309.5918367346968
    ],
    "Classic UI SFX - Short - Low #6": [
      52000,
      2333.3333333333358
    ],
    "UI SFX_InGameMenu_Open": [
      56000,
      2614.104308390026
    ]
  }
}